claim_code,slug,business_name,campaign
99ED7F,arts-garage-doors,Art's Garage Door Service,2026-06-wave-01
7VF6HG,capital-overhead-doors,Capital Overhead Door LLC,2026-06-wave-01
QMSRVC,albany-saratoga-doors,Albany Saratoga Doors LLC,2026-06-wave-01
GS56UE,countryside-overhead-doors,Countryside Overhead Doors,2026-06-wave-01
A79GKK,jfb-roofing,JFB Services LLC,2026-06-wave-01
QVSY9C,miller-overhead-door,Miller Overhead Door,2026-06-wave-01
BU8LAX,constable-tree-service,Constable Tree Service,2026-06-wave-01
EQBSGM,cpe-tree-service,CPE Tree Service,2026-06-wave-01
9XZGXQ,the-plumbing-god,The Plumbing God,2026-06-wave-01
U8BUQT,amsterdam-heating-ac,Amsterdam Heating & Air Conditioning,2026-06-wave-01
UEP88S,hoffman-miller-heating,Hoffman & Miller Heating and Cooling,2026-06-wave-01
VEVNUK,albany-roofing-services,Albany Roofing Services,2026-06-wave-01
MZ6KZ6,bradleys-septic,Bradley's Septic Services,2026-06-wave-01
PZQ7UF,dmc-handyman-services,DMC Handyman Services LLC,2026-06-wave-01
BZ8RBV,518-handyman,518 Handyman & Home Improvement,2026-06-wave-01
YD6NDB,hainiel-cleaning-service,Hainiel Cleaning Service,2026-06-wave-01
FVF6QZ,mighty-clean,Mighty Clean,2026-06-wave-01
WTBU8D,prestige-sealcoating,Prestige Sealcoating & Striping LLC,2026-06-wave-01
42ZC4N,all-things-gutter,All Things Gutter,2026-06-wave-01
T6EHJY,capital-district-seamless-gutters,Capital District Seamless Gutters LLC,2026-06-wave-01
U229GT,joseph-lapi-paving,Joseph Lapi Paving,2026-06-wave-01
UZSWG3,pro-cleaning-services,Pro Cleaning Services I Inc,2026-06-wave-01
QZDBN7,motivated-auto-detailing,MOTIVATED Auto Detailing,2026-06-wave-01
67WV8W,all-phase-electrical,All-Phase Electrical Contracting LLC,2026-06-wave-01
99K7BK,moore-fire-extinguisher,Moore Fire Extinguisher Co.,2026-06-wave-01
RLEX4Y,jb-sparkling-cleaning,JB Sparkling Cleaning Services LLC,2026-06-wave-01
36NV9V,willis-electric,Willis Electric,2026-06-wave-01
EARZC6,central-auto-detailing,central auto detailing LLC,2026-06-wave-01
BYRBJD,safeway-tree-care,Safeway Tree Care,2026-06-wave-01
6G7GDA,sand-lake-septic,Sand Lake Septic Services,2026-06-wave-01
A4MEFY,priority-sewer-drain,Priority Sewer & Drain Services,2026-06-wave-01
56LYBR,bd-contracting,B&D Contracting,2026-06-wave-01
5EEJPR,jj-electrical-construction,J&J Electrical Construction LLC,2026-06-wave-01
YT8RY3,bill-elliott-tree-service,Bill Elliott & Sons Tree Service,2026-06-wave-01
